State,Year,Homeless,Population,Homeless.Percentage,Inequality,Unemployment.rate,Tot Assist & Subsidies,Gov.assist.per.capita,Housing.cost,Inequa_Unempl
AK,2009,1992,698895,28.50213551,0.411,7.7,"$224,899",112.9,414.03,3.1647
AK,2010,1863,713982,26.09309478,0.422,7.9,"$211,912",113.7,412.19,3.3338
AK,2011,2128,722349,29.45944412,0.4099,7.6,"$211,438",99.4,414.24,3.11524
AK,2012,1913,730810,26.17643437,0.4232,7.1,"$210,242",109.9,415.01,3.00472
AK,2013,1946,737626,26.38193339,0.4083,7.0,"$214,236",110.1,425.95,2.8581
AK,2014,1784,737075,24.20377845,0.4175,6.9,"$212,211",119.0,436.57,2.88075
AK,2015,1956,738430,26.48863129,0.4322,6.5,"$214,702",109.8,450.47,2.8093
AK,2016,1940,742575,26.12530721,0.4081,6.9,"$167,279",86.2,458.83,2.81589
AK,2017,1845,740983,24.89935667,0.4241,7.0,"$167,586",90.8,464.88,2.9687
AK,2018,2016,736624,27.36810096,0.4322,6.6,"$161,452",80.1,471.38,2.85252
AK,2019,1907,733603,25.99498639,0.4376,5.4,"$156,846",82.2,481.54,2.36304
AK,2020,1949,731158,26.65634514,0.4174,7.8,"$175,501",90.0,492.85,3.25572
AL,2009,6080,4757938,12.77864487,0.471,11.0,"$571,071",93.9,367.3,5.181
AL,2010,6046,4785514,12.63396158,0.472,10.5,"$643,609",106.5,351.54,4.956
AL,2011,5558,4799642,11.58003034,0.4735,9.6,"$650,594",117.1,339.65,4.5456
AL,2012,5209,4816632,10.81461071,0.4726,8.0,"$2,224,384",427.0,334.6,3.7808
AL,2013,4689,4831586,9.704887795,0.4752,7.2,"$2,265,379",483.1,332.68,3.42144
AL,2014,4561,4843737,9.416283337,0.4758,6.8,"$2,175,837",477.1,337.31,3.23544
AL,2015,3970,4854803,8.177468787,0.4811,6.1,"$2,240,301",564.3,344.96,2.93471
AL,2016,4111,4866824,8.446987193,0.4847,5.8,"$2,205,699",536.5,354.16,2.81126
AL,2017,3793,4877989,7.775745292,0.4768,4.4,"$910,950",240.2,365.24,2.09792
AL,2018,3434,4891628,7.020157706,0.4859,3.9,"$966,305",281.4,381.48,1.89501
AL,2019,3261,4907965,6.644301661,0.4741,3.0,"$1,012,904",310.6,398.62,1.4223
AL,2020,3351,4921532,6.808855454,0.4769,5.9,"$1,076,697",321.3,414.49,2.81371
AR,2009,2852,2896843,9.845200448,0.459,7.8,"$329,388",115.5,365.33,3.5802
AR,2010,2762,2921998,9.452436312,0.458,8.2,"$376,310",136.2,355,3.7556
AR,2011,3424,2941038,11.64214811,0.4684,8.3,"$639,537",186.8,349.05,3.88772
AR,2012,4214,2952876,14.27083291,0.4632,7.6,"$554,637",131.6,348.72,3.52032
AR,2013,3812,2960459,12.87638167,0.4685,7.2,"$563,172",147.7,352.89,3.3732
AR,2014,2936,2968759,9.889654229,0.4714,6.0,"$521,305",177.6,358.16,2.8284
AR,2015,2560,2979732,8.591376674,0.4773,5.0,"$510,115",199.3,366.35,2.3865
AR,2016,2463,2991815,8.232460897,0.4719,4.0,"$509,322",206.8,375.29,1.8876
AR,2017,2467,3003855,8.212779911,0.4725,3.7,"$485,666",196.9,388.52,1.74825
AR,2018,2712,3012161,9.003502801,0.4845,3.7,"$494,159",182.2,404.7,1.79265
AR,2019,2717,3020985,8.993755348,0.475,3.5,"$496,712",182.8,418.04,1.6625
AR,2020,2366,3030522,7.807235849,0.47,6.1,"$529,113",223.6,429.45,2.867
AZ,2009,14721,6343154,23.20769762,0.451,9.9,"$691,056",46.9,480.64,4.4649
AZ,2010,13711,6407342,21.39888896,0.455,10.4,"$699,420",51.0,417.85,4.732
AZ,2011,10504,6473416,16.22636333,0.46,9.5,"$722,565",68.8,375.46,4.37
AZ,2012,11302,6556344,17.23826572,0.4608,8.3,"$746,034",66.0,391.66,3.82464
AZ,2013,10562,6634690,15.9193572,0.4681,7.7,"$1,853,482",175.5,437.82,3.60437
AZ,2014,10495,6732873,15.58769934,0.4676,6.8,"$2,027,979",193.2,481.97,3.17968
AZ,2015,9896,6832810,14.48306041,0.4702,6.1,"$975,382",98.6,508.89,2.86822
AZ,2016,9707,6944767,13.97743078,0.4713,5.4,"$1,049,855",108.2,544.91,2.54502
AZ,2017,8947,7048088,12.69422289,0.4668,4.9,"$2,638,906",294.9,585.21,2.28732
AZ,2018,9865,7164228,13.76980185,0.4613,4.8,"$2,707,041",274.4,630.4,2.21424
AZ,2019,10007,7291843,13.72355384,0.4591,4.9,"$2,943,129",294.1,674.06,2.24959
AZ,2020,10979,7421401,14.7937027,0.4682,7.9,"$3,296,999",300.3,719.59,3.69878
CA,2009,123678,36961229,33.46154967,0.469,11.2,"$2,479,681",20.0,812.77,5.2528
CA,2010,123480,37319550,33.08721568,0.471,12.2,"$3,583,093",29.0,786.89,5.7462
CA,2011,125128,37636311,33.24661655,0.4812,11.7,"$4,069,850",32.5,742.41,5.63004
CA,2012,120098,37944551,31.65092137,0.4822,10.4,"$4,665,057",38.8,741.63,5.01488
CA,2013,118552,38253768,30.99093402,0.4903,8.9,"$4,761,154",40.2,818.75,4.36367
CA,2014,113952,38586706,29.53141426,0.489,7.5,"$4,955,580",43.5,931.64,3.6675
CA,2015,115738,38904296,29.74941379,0.4876,6.2,"$5,383,907",46.5,985.67,3.02312
CA,2016,118142,39149186,30.17738351,0.4899,5.5,"$5,588,412",47.3,1062.85,2.69445
CA,2017,131532,39337785,33.4365547,0.4866,4.8,"$5,613,361",42.7,1131.14,2.33568
CA,2018,129972,39437463,32.956481,0.4912,4.2,"$5,943,776",45.7,1203.68,2.06304
CA,2019,151278,39437610,38.35881535,0.4866,4.2,"$6,106,082",40.4,1244.06,2.04372
CA,2020,161548,39368078,41.03527736,0.49,10.1,"$6,967,470",43.1,1275.05,4.949
CO,2009,15268,4972195,30.70676029,0.452,7.3,"$324,793",21.3,576.68,3.2996
CO,2010,15482,5047539,30.67237321,0.457,8.7,"$348,702",22.5,553.15,3.9759
CO,2011,15116,5121900,29.5124856,0.4588,8.4,"$360,875",23.9,535.87,3.85392
CO,2012,16768,5193660,32.28551734,0.4579,7.9,"$391,643",23.4,539.95,3.61741
CO,2013,9754,5270774,18.50582097,0.4614,6.9,"$403,183",41.3,568.67,3.18366
CO,2014,10028,5352637,18.73469096,0.4584,5.0,"$417,119",41.6,620.49,2.292
CO,2015,9953,5454328,18.24789415,0.458,3.9,"$863,759",86.8,679.16,1.7862
CO,2016,10550,5543844,19.03011701,0.4586,3.2,"$872,512",82.7,749.32,1.46752
CO,2017,10940,5617421,19.47512925,0.4553,2.7,"$862,882",78.9,814.45,1.22931
CO,2018,10857,5697155,19.05688014,0.4561,3.3,"$889,491",81.9,881.04,1.50513
CO,2019,9619,5758486,16.70404339,0.4548,2.7,"$943,906",98.1,922.98,1.22796
CO,2020,9846,5807719,16.95329957,0.459,7.3,"$1,057,490",107.4,949.56,3.3507
CT,2009,4605,3561807,12.92883079,0.481,7.9,"$582,189",126.4,608.89,3.7999
CT,2010,4316,3579173,12.05865154,0.486,9.1,"$606,113",140.4,584.43,4.4226
CT,2011,4456,3588632,12.41698787,0.4859,8.8,"$634,180",142.3,563.55,4.27592
CT,2012,4209,3595211,11.70724055,0.4915,8.3,"$574,259",136.4,546.92,4.07945
CT,2013,4448,3595792,12.37001473,0.4994,7.8,"$564,679",127.0,542.78,3.89532
CT,2014,4450,3595697,12.37590375,0.5005,6.6,"$586,567",131.8,542.73,3.3033
CT,2015,4047,3588561,11.27750093,0.4916,5.7,"$590,805",146.0,550.19,2.80212
CT,2016,3902,3579830,10.89995894,0.4945,5.1,"$581,232",149.0,550.83,2.52195
CT,2017,3388,3575324,9.476064267,0.4943,4.7,"$527,060",155.6,557.3,2.32321
CT,2018,3976,3574561,11.1230442,0.5014,4.1,"$521,740",131.2,566.3,2.05574
CT,2019,3033,3566022,8.505275626,0.5024,3.6,"$520,959",171.8,578.71,1.80864
CT,2020,2905,3557006,8.166980882,0.49,7.9,"$541,396",186.4,596.22,3.871
DE,2009,1130,891730,12.67199713,0.435,8.3,"$226,752",200.7,528.97,3.6105
DE,2010,982,899647,10.91539237,0.44,8.4,"$248,921",253.5,504.21,3.696
DE,2011,1035,907590,11.40382772,0.4404,7.5,"$259,516",250.7,476.31,3.303
DE,2012,1008,915518,11.01016037,0.4356,7.2,"$267,778",265.7,462.46,3.13632
DE,2013,946,924062,10.23740831,0.4513,6.7,"$288,644",305.1,466.23,3.02371
DE,2014,901,933131,9.655664639,0.4494,5.7,"$319,535",354.6,477.39,2.56158
DE,2015,953,942065,10.11607479,0.4523,4.9,"$348,237",365.4,488.52,2.21627
DE,2016,1070,949989,11.26328831,0.4522,4.5,"$360,390",336.8,498.08,2.0349
DE,2017,994,957942,10.3764111,0.4811,4.5,"$356,771",358.9,508.61,2.16495
DE,2018,1082,966985,11.18941866,0.4587,3.8,"$362,095",334.7,528.62,1.74306
DE,2019,921,976668,9.430021256,0.4509,3.7,"$394,962",428.8,546.08,1.66833
DE,2020,1165,986809,11.80572938,0.45,7.8,"$401,682",344.8,564.34,3.51
FL,2009,55599,18652644,29.80757044,0.469,10.4,"$2,421,602",43.6,413.37,4.8776
FL,2010,57551,18846143,30.53728288,0.474,11.1,"$2,301,815",40.0,373.53,5.2614
FL,2011,56687,19055607,29.74819957,0.4811,10.0,"$2,364,903",41.7,347.86,4.811
FL,2012,55170,19302016,28.58250661,0.4828,8.5,"$2,177,328",39.5,344.72,4.1038
FL,2013,47862,19551678,24.47974031,0.4843,7.2,"$2,181,605",45.6,370.22,3.48696
FL,2014,41542,19853880,20.92386979,0.4834,6.3,"$1,475,261",35.5,408.91,3.04542
FL,2015,35900,20219111,17.75547896,0.4872,5.5,"$1,548,805",43.1,444.89,2.6796
FL,2016,33559,20627237,16.26926573,0.4852,4.8,"$1,926,026",57.4,485.63,2.32896
FL,2017,32190,20977089,15.34531317,0.4859,4.2,"$1,945,598",60.4,526.2,2.04078
FL,2018,31030,21254926,14.59896873,0.4887,3.6,"$2,420,540",78.0,568.1,1.75932
FL,2019,28328,21492056,13.18068406,0.4808,3.3,"$2,771,803",97.8,599.69,1.58664
FL,2020,27487,21733312,12.64740505,0.49,7.7,"$3,113,704",113.3,630.99,3.773
GA,2009,20360,9620846,21.16238011,0.465,9.9,"$1,149,550",56.5,375.41,4.6035
GA,2010,19836,9712209,20.42377795,0.468,10.5,"$1,333,808",67.2,344.42,4.914
GA,2011,20975,9803630,21.39513629,0.477,10.2,"$1,514,225",72.2,319.11,4.8654
GA,2012,20516,9903580,20.71574118,0.4809,9.2,"$1,140,418",55.6,303.29,4.42428
GA,2013,16971,9975592,17.01252417,0.4837,8.2,"$1,098,659",64.7,314.62,3.96634
GA,2014,16521,10071204,16.40419557,0.4801,7.1,"$1,109,607",67.2,338.77,3.40871
GA,2015,13790,10183353,13.54170871,0.4801,6.0,"$1,186,175",86.0,358.23,2.8806
GA,2016,12909,10308442,12.52274592,0.4813,5.4,"$1,278,563",99.0,379.78,2.59902
GA,2017,10174,10417031,9.7666984,0.483,4.7,"$1,326,197",130.4,402.58,2.2701
GA,2018,9499,10519389,9.029992141,0.4822,3.9,"$1,390,827",146.4,432.16,1.88058
GA,2019,10443,10628020,9.825913011,0.4795,3.5,"$1,445,802",138.4,456.57,1.67825
GA,2020,10234,10710017,9.555540388,0.4816,6.5,"$1,576,644",154.1,474.74,3.1304
HI,2009,5782,1346717,42.93403885,0.427,7.2,"$150,847",26.1,771.61,3.0744
HI,2010,5834,1364004,42.77113557,0.433,6.9,"$144,764",24.8,739.93,2.9877
HI,2011,6188,1379562,44.85481624,0.4301,6.8,"$144,060",23.3,727.08,2.92468
HI,2012,6246,1395199,44.76780732,0.4257,6.0,"$106,340",17.0,733.89,2.5542
HI,2013,6335,1408822,44.96664589,0.44,4.9,"$111,123",17.5,766.79,2.156
HI,2014,6918,1415335,48.87888733,0.4325,4.4,"$119,134",17.2,826.38,1.903
HI,2015,7620,1422999,53.54887811,0.4346,3.6,"$118,845",15.6,872.01,1.56456
HI,2016,7921,1428885,55.43483205,0.442,3.0,"$150,765",19.0,929.38,1.326
HI,2017,7220,1425763,50.6395523,0.4455,2.4,"$125,540",17.4,962.97,1.0692
HI,2018,6530,1423102,45.88567791,0.445,2.4,"$120,947",18.5,1007.22,1.068
HI,2019,6412,1415615,45.2948012,0.4397,2.5,"$120,054",18.7,1037.1,1.09925
HI,2020,6458,1407006,45.89888032,0.4369,11.6,"$123,158",19.1,1041.67,5.06804
IA,2009,3380,3032870,11.14455944,0.426,6.4,"$610,178",180.5,369.41,2.7264
IA,2010,3014,3050819,9.879314374,0.427,6.0,"$617,081",204.7,365.69,2.562
IA,2011,3134,3066772,10.21921421,0.434,5.5,"$616,989",196.9,363.59,2.387
IA,2012,2928,3076844,9.516244567,0.4328,5.0,"$574,645",196.3,365.33,2.164
IA,2013,3084,3093935,9.967888789,0.4429,4.7,"$611,550",198.3,370.16,2.08163
IA,2014,3122,3110643,10.03651014,0.4433,4.2,"$612,650",196.2,378.95,1.86186
IA,2015,3081,3122541,9.866964117,0.4393,3.8,"$621,921",201.9,388.98,1.66934
IA,2016,3064,3133210,9.779108327,0.4451,3.6,"$632,153",206.3,402.26,1.60236
IA,2017,2756,3143734,8.766645015,0.4381,3.1,"$649,054",235.5,417.63,1.35811
IA,2018,2749,3149900,8.727261183,0.4413,2.5,"$642,646",233.8,433.03,1.10325
IA,2019,2315,3159596,7.326886096,0.4422,2.8,"$635,240",274.4,446.35,1.23816
IA,2020,2647,3163561,8.367153344,0.44,5.3,"$681,009",257.3,453.91,2.332
ID,2009,1939,1554439,12.47395363,0.426,8.8,"$195,696",100.9,452.75,3.7488
ID,2010,2346,1570819,14.93488429,0.433,9.0,"$167,138",71.2,405.2,3.897
ID,2011,2199,1584272,13.88019229,0.432,8.3,"$188,170",85.6,371.46,3.5856
ID,2012,1968,1595910,12.33152245,0.4302,7.2,"$158,084",80.3,372.39,3.09744
ID,2013,1781,1612053,11.04802386,0.4376,6.1,"$148,699",83.5,391.31,2.66936
ID,2014,2104,1632248,12.89019806,0.4541,4.8,"$145,291",69.1,417.98,2.17968
ID,2015,1966,1652495,11.89716156,0.4525,4.2,"$150,435",76.5,442.8,1.9005
ID,2016,2247,1684036,13.34294516,0.4503,3.8,"$157,580",70.1,474.55,1.71114
ID,2017,2037,1719745,11.84477931,0.4478,3.2,"$168,770",82.9,519.25,1.43296
ID,2018,2012,1752074,11.48353323,0.4454,2.8,"$176,156",87.6,579.85,1.24712
ID,2019,2315,1789060,12.93975607,0.4337,2.8,"$184,339",79.6,642.39,1.21436
ID,2020,2315,1826913,12.67164884,0.4457,5.4,"$212,976",92.0,697.91,2.40678
IL,2009,14055,12796778,10.98323344,0.465,10.2,"$1,359,824",96.8,457,4.743
IL,2010,14395,12840545,11.21058335,0.465,10.4,"$1,380,591",95.9,428.23,4.836
IL,2011,14009,12867783,10.88687927,0.4718,9.7,"$1,421,384",101.5,405.93,4.57646
IL,2012,14144,12883029,10.97878457,0.4716,9.0,"$1,661,881",117.5,394.76,4.2444
IL,2013,13425,12895778,10.41038393,0.4824,9.0,"$1,589,475",118.4,395.57,4.3416
IL,2014,13107,12885092,10.17222073,0.4765,7.1,"$1,661,928",126.8,410.4,3.38315
IL,2015,13177,12859585,10.24683145,0.4817,6.0,"$1,598,695",121.3,422.38,2.8902
IL,2016,11590,12821709,9.03935661,0.481,5.8,"$1,416,087",122.2,434.36,2.7898
IL,2017,10798,12779893,8.449210021,0.4818,4.9,"$1,747,559",161.8,445.66,2.36082
IL,2018,10643,12724685,8.364057735,0.4852,4.3,"$1,668,386",156.8,456.14,2.08636
IL,2019,10199,12667017,8.051619414,0.48,4.0,"$1,394,319",136.7,467.7,1.92
IL,2020,10431,12587530,8.286772703,0.48,9.5,"$1,566,541",150.2,472.46,4.56
IN,2009,6984,6459325,10.81227528,0.433,10.3,"$970,495",139.0,368.48,4.4599
IN,2010,6452,6490555,9.9405983,0.44,10.4,"$1,051,088",162.9,359.56,4.576
IN,2011,6196,6517250,9.507077372,0.4461,9.1,"$1,119,616",180.7,352.99,4.05951
IN,2012,6259,6538989,9.571816071,0.4417,8.3,"$1,002,538",160.2,351.08,3.66611
IN,2013,6096,6570575,9.277726835,0.4554,7.7,"$1,003,435",164.6,354.55,3.50658
IN,2014,5971,6596019,9.052429958,0.4455,6.0,"$1,038,541",173.9,363.04,2.673
IN,2015,5863,6611442,8.867959516,0.4519,4.8,"$1,177,854",200.9,374.86,2.16912
IN,2016,5798,6637898,8.73469282,0.4527,4.4,"$1,367,059",235.8,388.03,1.99188
IN,2017,5438,6662068,8.162630583,0.4497,3.6,"$1,460,046",268.5,405.5,1.61892
IN,2018,5258,6698481,7.849540814,0.4511,3.4,"$1,464,189",278.5,432.08,1.53374
IN,2019,5471,6731010,8.128052105,0.4584,3.2,"$1,486,843",271.8,455.05,1.46688
IN,2020,5625,6754953,8.327223002,0.4494,7.1,"$1,496,515",266.0,473.11,3.19074
KS,2009,1892,2832704,6.679130612,0.442,6.9,"$234,879",124.1,346.23,3.0498
KS,2010,2024,2858266,7.081216374,0.445,7.1,"$247,952",122.5,342.31,3.1595
KS,2011,2511,2869677,8.750113689,0.4442,6.5,"$231,823",92.3,336.49,2.8873
KS,2012,2684,2886024,9.299991961,0.4496,5.7,"$233,609",87.0,334.9,2.56272
KS,2013,2693,2894306,9.304475753,0.4589,5.3,"$222,146",82.5,337.99,2.43217
KS,2014,2783,2901861,9.590397335,0.4597,4.5,"$215,047",77.3,347.56,2.06865
KS,2015,2588,2910717,8.891280052,0.4596,4.2,"$213,644",82.6,358.03,1.93032
KS,2016,2255,2912977,7.741221438,0.455,4.0,"$212,676",94.3,372.48,1.82
KS,2017,2287,2910892,7.856698222,0.4539,3.7,"$223,283",97.6,389.06,1.67943
KS,2018,2216,2912748,7.607935874,0.4633,3.4,"$221,905",100.1,408.38,1.57522
KS,2019,2381,2912635,8.174728382,0.45,3.2,"$222,490",93.4,424.11,1.44
KS,2020,2449,2913805,8.404817755,0.4555,5.9,"$249,936",102.1,440.65,2.68745
KY,2009,5999,4317074,13.89598603,0.462,10.3,"$898,655",149.8,404.61,4.7586
KY,2010,6623,4348464,15.23066536,0.466,10.2,"$945,879",142.8,399.17,4.7532
KY,2011,6034,4370817,13.80519935,0.4709,9.4,"$956,273",158.5,393.15,4.42646
KY,2012,5230,4387865,11.91923635,0.4667,8.2,"$1,104,308",211.1,392.96,3.82694
KY,2013,5245,4406906,11.90177417,0.4721,8.0,"$1,135,337",216.5,395.2,3.7768
KY,2014,5089,4416992,11.52141548,0.4704,6.5,"$1,146,031",225.2,401.88,3.0576
KY,2015,4538,4429126,10.24581373,0.4781,5.3,"$1,132,710",249.6,413.8,2.53393
KY,2016,4237,4440306,9.542135159,0.4813,5.1,"$1,168,836",275.9,429.62,2.45463
KY,2017,4025,4455590,9.033596,0.4784,4.9,"$1,163,157",289.0,450.13,2.34416
KY,2018,3688,4464273,8.261143528,0.4787,4.3,"$1,186,305",321.7,470.19,2.05841
KY,2019,4079,4472345,9.120494953,0.4764,4.1,"$1,205,330",295.5,489.22,1.95324
KY,2020,4011,4477251,8.958622155,0.4741,6.6,"$1,291,211",321.9,506.77,3.12906
LA,2009,12504,4491648,27.83833462,0.477,6.8,"$784,880",62.8,415.96,3.2436
LA,2010,12482,4544635,27.465352,0.475,8.0,"$821,979",65.9,409.46,3.8
LA,2011,9291,4576244,20.30267617,0.4836,7.8,"$615,614",66.3,404.56,3.77208
LA,2012,7772,4602067,16.88806356,0.4859,7.1,"$642,983",82.7,406.89,3.44989
LA,2013,5226,4626040,11.29691918,0.4914,6.7,"$650,223",124.4,412.06,3.29238
LA,2014,4606,4645938,9.914036735,0.4902,6.4,"$680,120",147.7,422.92,3.13728
LA,2015,4081,4666998,8.744379149,0.4909,6.3,"$732,489",179.5,436.06,3.09267
LA,2016,3994,4681346,8.531734249,0.499,6.1,"$754,746",189.0,449.89,3.0439
LA,2017,3305,4673673,7.071525971,0.4935,5.1,"$671,704",203.2,460.96,2.51685
LA,2018,3059,4664450,6.558115105,0.4936,4.9,"$731,331",239.1,470.5,2.41864
LA,2019,2941,4658285,6.313482322,0.4978,4.7,"$751,495",255.5,481.1,2.33966
LA,2020,3173,4645318,6.830533453,0.4903,8.3,"$816,813",257.4,491.7,4.06949
MA,2009,15482,6517613,23.75409525,0.465,8.1,"$869,855",56.2,776.13,3.7665
MA,2010,16646,6566440,25.35011361,0.475,8.3,"$936,226",56.2,757.75,3.9425
MA,2011,16664,6614218,25.19421041,0.4771,7.3,"$914,747",54.9,740.2,3.48283
MA,2012,17501,6664269,26.26094475,0.4813,6.7,"$1,171,895",67.0,731.3,3.22471
MA,2013,19029,6715158,28.33738238,0.4837,6.7,"$1,152,919",60.6,744.9,3.24079
MA,2014,21237,6764864,31.39309231,0.4863,5.7,"$500,246",23.6,784,2.77191
MA,2015,21135,6797484,31.09238654,0.4848,4.8,"$1,087,400",51.5,812.17,2.32704
MA,2016,19608,6827280,28.72007593,0.4786,3.9,"$1,061,784",54.2,852.13,1.86654
MA,2017,17565,6863560,25.59167546,0.4851,3.8,"$1,079,958",61.5,900.14,1.84338
MA,2018,20068,6885720,29.14437415,0.4875,3.3,"$1,072,106",53.4,948.57,1.60875
MA,2019,18471,6894883,26.7894321,0.4803,3.0,"$1,098,047",59.4,987.56,1.4409
MA,2020,17975,6893574,26.07500841,0.4826,8.9,"$1,185,114",65.9,1018.96,4.29514
MD,2009,11698,5730388,20.41397546,0.439,7.0,"$1,646,735",140.8,636.74,3.073
MD,2010,10845,5788784,18.73450452,0.443,7.7,"$1,870,918",172.5,603.28,3.4111
MD,2011,10208,5840241,17.47873076,0.4466,7.2,"$1,958,976",191.9,579.05,3.21552
MD,2012,9454,5888375,16.05536332,0.4473,7.0,"$2,025,286",214.2,569.41,3.1311
MD,2013,8205,5925197,13.84764085,0.4555,6.6,"$1,956,967",238.5,578.53,3.0063
MD,2014,7856,5960064,13.18106651,0.4491,5.8,"$1,913,831",243.6,597.77,2.60478
MD,2015,8390,5988528,14.01012068,0.4524,5.1,"$1,880,521",224.1,611.37,2.30724
MD,2016,7689,6007014,12.80003676,0.4499,4.5,"$1,816,180",236.2,627.33,2.02455
MD,2017,7247,6028186,12.02185865,0.453,4.3,"$1,685,883",232.6,645.47,1.9479
MD,2018,7144,6042153,11.82359997,0.4543,3.9,"$1,606,049",224.8,664.08,1.77177
MD,2019,6561,6054954,10.83575532,0.4558,3.5,"$1,540,476",234.8,682.91,1.5953
MD,2020,6360,6055802,10.50232488,0.4513,6.8,"$1,878,715",295.4,701.04,3.06884
ME,2009,2444,1329590,18.38160636,0.434,8.1,"$266,444",109.0,559.73,3.5154
ME,2010,2379,1327651,17.91886573,0.437,8.1,"$247,639",104.1,537.81,3.5397
ME,2011,2447,1328473,18.41964421,0.4509,7.9,"$271,542",111.0,527.64,3.56211
ME,2012,2393,1328094,18.01830292,0.445,7.5,"$192,798",80.6,515.44,3.3375
ME,2013,3016,1328543,22.70156103,0.4532,6.6,"$171,927",57.0,519.47,2.99112
ME,2014,2726,1331217,20.47750292,0.4593,5.6,"$163,759",60.1,528.41,2.57208
ME,2015,2372,1329098,17.84669001,0.4523,4.4,"$162,155",68.4,541.79,1.99012
ME,2016,2241,1332348,16.81992993,0.4519,3.8,"$173,830",77.6,561.42,1.71722
ME,2017,2280,1335743,17.06915178,0.4526,3.4,"$177,341",77.8,589.68,1.53884
ME,2018,2516,1340123,18.77439608,0.4516,3.4,"$174,256",69.3,623.83,1.53544
ME,2019,2106,1345770,15.64903364,0.449,2.7,"$183,676",87.2,653.85,1.2123
ME,2020,2097,1350141,15.53171113,0.45,5.4,"$207,517",99.0,685.28,2.43
MI,2009,14005,9901591,14.14419157,0.448,13.7,"$1,571,222",112.2,376.25,6.1376
MI,2010,13058,9877597,13.2198145,0.451,12.6,"$1,649,576",126.3,346.96,5.6826
MI,2011,13185,9883053,13.34101922,0.4612,10.4,"$1,569,765",119.1,333.69,4.79648
MI,2012,12592,9898289,12.72139054,0.4624,9.1,"$1,418,150",112.6,331.6,4.20784
MI,2013,11527,9914802,11.62605163,0.4641,8.8,"$1,370,511",118.9,350.01,4.08408
MI,2014,12227,9932033,12.31067194,0.4598,7.2,"$1,408,819",115.2,377.94,3.31056
MI,2015,10516,9934483,10.58535205,0.4667,5.4,"$1,339,108",127.3,396.4,2.52018
MI,2016,9316,9954117,9.358941632,0.4695,5.0,"$1,480,266",158.9,417.37,2.3475
MI,2017,9051,9976752,9.072090797,0.4671,4.6,"$1,530,050",169.0,445.44,2.14866
MI,2018,8351,9987286,8.361630978,0.4679,4.1,"$1,618,413",193.8,473.79,1.91839
MI,2019,8575,9984795,8.588058142,0.4634,4.1,"$1,677,406",195.6,496.98,1.89994
MI,2020,8638,9966555,8.666986737,0.46,9.9,"$1,837,794",212.8,512.58,4.554
MN,2009,7718,5281203,14.61409455,0.435,7.8,"$1,039,945",134.7,510.04,3.393
MN,2010,7869,5310934,14.81660288,0.44,7.4,"$1,249,215",158.8,479.22,3.256
MN,2011,7495,5346620,14.01820215,0.4436,6.5,"$949,727",126.7,453.64,2.8834
MN,2012,7744,5377500,14.40074384,0.4441,5.6,"$1,124,756",145.2,447.09,2.48696
MN,2013,8214,5414722,15.16975387,0.4462,5.0,"$1,105,037",134.5,464.93,2.231
MN,2014,8377,5452665,15.36312977,0.4539,4.2,"$1,109,177",132.4,491.55,1.90638
MN,2015,7546,5484002,13.76002416,0.4492,3.7,"$1,092,593",144.8,507.9,1.66204
MN,2016,7341,5525360,13.28601213,0.4496,3.9,"$1,141,692",155.5,531.52,1.75344
MN,2017,7668,5569283,13.76837916,0.4516,3.4,"$1,154,923",150.6,562.56,1.53544
MN,2018,7243,5608762,12.91372321,0.4536,2.9,"$1,283,047",177.1,594.5,1.31544
MN,2019,7977,5640053,14.14348411,0.4434,3.2,"$1,290,041",161.7,618.86,1.41888
MN,2020,7940,5657342,14.03485948,0.449,6.2,"$1,345,735",169.5,635.31,2.7838
MO,2009,6959,5961088,11.6740434,0.449,9.3,"$659,506",94.8,389.48,4.1757
MO,2010,8122,5996089,13.54549607,0.455,9.6,"$660,521",81.3,375.72,4.368
MO,2011,8989,6011182,14.95379777,0.4611,8.5,"$604,537",67.3,363.95,3.91935
MO,2012,10237,6026027,16.98797566,0.4608,6.9,"$751,549",73.4,359.75,3.17952
MO,2013,8581,6042989,14.19992656,0.4605,6.7,"$773,473",90.1,360.98,3.08535
MO,2014,7282,6059130,12.01822704,0.4628,6.1,"$791,514",108.7,370.28,2.82308
MO,2015,6482,6075411,10.66923703,0.4634,5.0,"$664,277",102.5,382.92,2.317
MO,2016,6194,6091384,10.16846089,0.4646,4.6,"$672,719",108.6,398.54,2.13716
MO,2017,6037,6111382,9.878289395,0.4618,3.8,"$673,213",111.5,416.7,1.75484
MO,2018,5883,6125986,9.603352015,0.4657,3.2,"$640,952",108.9,437.68,1.49024
MO,2019,6179,6140475,10.06273945,0.4633,3.3,"$695,537",112.6,458.14,1.52889
MO,2020,6527,6151548,10.61033743,0.4632,6.1,"$784,567",120.2,474.85,2.82552
MS,2009,2797,2958774,9.453239754,0.474,9.5,"$240,292",85.9,319.08,4.503
MS,2010,2743,2970615,9.233778191,0.468,10.4,"$268,071",97.7,307.58,4.8672
MS,2011,2306,2979147,7.740470678,0.4735,10.0,"$278,921",121.0,301.29,4.735
MS,2012,2413,2984599,8.084838198,0.487,9.0,"$291,841",120.9,299.19,4.383
MS,2013,2403,2989839,8.037222071,0.4791,8.5,"$311,319",129.6,298.41,4.07235
MS,2014,2226,2991892,7.440108132,0.476,7.5,"$337,095",151.4,303.67,3.57
MS,2015,1983,2990231,6.631594683,0.4759,6.4,"$378,443",190.8,311.11,3.04576
MS,2016,1738,2990595,5.811552551,0.4828,5.8,"$391,043",225.0,319,2.80024
MS,2017,1472,2990674,4.921967423,0.479,5.1,"$421,010",286.0,326.32,2.4429
MS,2018,1352,2982879,4.532533837,0.4828,4.8,"$415,935",307.6,335.87,2.31744
MS,2019,1184,2978227,3.975519663,0.4896,5.5,"$432,630",365.4,346.77,2.6928
MS,2020,1107,2966786,3.731310583,0.48,8.1,"$464,420",419.5,355.45,3.888
MT,2009,1196,983982,12.15469389,0.438,6.8,"$120,007",100.3,592.31,2.9784
MT,2010,1615,990730,16.3011113,0.435,7.3,"$124,371",77.0,564.38,3.1755
MT,2011,1768,997518,17.72399095,0.4351,6.9,"$124,697",70.5,547.58,3.00219
MT,2012,1833,1004168,18.25391767,0.4502,6.0,"$86,796",47.4,552.67,2.7012
MT,2013,1878,1014158,18.51782464,0.462,5.4,"$90,569",48.2,571.71,2.4948
MT,2014,1745,1022657,17.06339467,0.4544,4.7,"$90,953",52.1,599.37,2.13568
MT,2015,1709,1031495,16.56818501,0.4623,4.2,"$95,376",55.8,620.57,1.94166
MT,2016,1418,1042137,13.60665632,0.4667,4.1,"$89,552",63.2,642.22,1.91347
MT,2017,1529,1053862,14.50854097,0.4539,3.9,"$92,874",60.7,677.11,1.77021
MT,2018,1405,1061818,13.23202281,0.4535,3.7,"$90,185",64.2,717.46,1.67795
MT,2019,1357,1070123,12.68078529,0.4597,3.6,"$98,050",72.3,753.13,1.65492
MT,2020,1545,1080577,14.29791676,0.4587,5.9,"$108,443",70.2,786.84,2.70633
NC,2009,12918,9449566,13.6704691,0.463,10.6,"$451,759",35.0,434.2,4.9078
NC,2010,12191,9574586,12.73266541,0.464,10.9,"$584,753",48.0,411.29,5.0576
NC,2011,12896,9658913,13.35139886,0.4716,10.3,"$694,444",53.8,396.01,4.85748
NC,2012,13524,9751810,13.86819472,0.4691,9.3,"$1,059,605",78.3,386.15,4.36263
NC,2013,12168,9846717,12.35741821,0.4765,8.0,"$1,112,583",91.4,389.49,3.812
NC,2014,11491,9937295,11.56350898,0.4748,6.3,"$1,149,723",100.1,399.46,2.99124
NC,2015,10685,10037218,10.64538002,0.4776,5.7,"$1,249,305",116.9,414.6,2.72232
NC,2016,9559,10161802,9.406796157,0.478,5.1,"$1,340,011",140.2,433.75,2.4378
NC,2017,8962,10275758,8.721497723,0.4763,4.5,"$1,399,470",156.2,456.99,2.14335
NC,2018,9268,10391358,8.918949766,0.4782,3.9,"$1,453,961",156.9,486.16,1.86498
NC,2019,9314,10501384,8.869307131,0.4743,3.8,"$1,542,419",165.6,511.8,1.80234
NC,2020,9280,10600823,8.754037304,0.4748,7.3,"$1,680,314",181.1,531.94,3.46604
ND,2009,773,664968,11.62461953,0.443,4.1,"$158,446",205.0,370.43,1.8163
ND,2010,799,674752,11.84138765,0.433,3.8,"$185,485",232.1,375.35,1.6454
ND,2011,603,685526,8.79616528,0.4448,3.5,"$189,285",313.9,387.52,1.5568
ND,2012,688,702227,9.797401695,0.4597,3.1,"$125,939",183.1,408.04,1.42507
ND,2013,2069,723149,28.61097782,0.455,2.9,"$118,752",57.4,442.4,1.3195
ND,2014,1258,738736,17.02908752,0.4664,2.7,"$118,686",94.3,476.86,1.25928
ND,2015,1305,755537,17.27248302,0.4664,2.8,"$120,684",92.5,498.14,1.30592
ND,2016,923,756114,12.20715395,0.4533,3.1,"$124,339",134.7,509.85,1.40523
ND,2017,1089,756755,14.39039055,0.4546,2.7,"$125,934",115.6,515.88,1.22742
ND,2018,542,760062,7.130997208,0.4427,2.6,"$129,233",238.4,522.79,1.15102
ND,2019,557,763724,7.293210636,0.4558,2.3,"$132,157",237.3,534.7,1.04834
ND,2020,541,765309,7.069040087,0.46,5.1,"$134,677",248.9,540.14,2.346
NE,2009,3718,1812683,20.51103254,0.43,4.6,"$182,182",49.0,372.88,1.978
NE,2010,3877,1829591,21.19052837,0.432,4.6,"$192,439",49.6,369.55,1.9872
NE,2011,3548,1840914,19.27303502,0.4467,4.4,"$190,873",53.8,367.83,1.96548
NE,2012,3789,1853691,20.44029992,0.4339,4.0,"$193,522",51.1,370.22,1.7356
NE,2013,3145,1865813,16.85592286,0.4445,3.8,"$201,745",64.1,378.84,1.6891
NE,2014,3026,1879955,16.09612996,0.4352,3.3,"$206,748",68.3,393.38,1.43616
NE,2015,2744,1892059,14.502719,0.4473,3.0,"$209,488",76.3,408.7,1.3419
NE,2016,2754,1906483,14.44544745,0.4477,3.1,"$205,673",74.7,425.88,1.38787
NE,2017,2501,1916998,13.04644032,0.4391,2.9,"$221,036",88.4,450.5,1.27339
NE,2018,2421,1925512,12.57327921,0.4488,2.8,"$231,625",95.7,473.92,1.25664
NE,2019,2365,1932571,12.23758403,0.44,3.0,"$241,668",102.2,498.07,1.32
NE,2020,2404,1937552,12.40740894,0.442,4.2,"$264,743",110.1,513.14,1.8564
NH,2009,1645,1316102,12.49903123,0.418,6.2,"$172,122",104.6,589.55,2.5916
NH,2010,1574,1316807,11.95315639,0.425,5.8,"$188,074",119.5,564.33,2.465
NH,2011,1469,1320444,11.12504582,0.4347,5.4,"$189,259",128.8,546.2,2.34738
NH,2012,1496,1324677,11.29331905,0.4298,5.5,"$245,888",164.4,533.13,2.3639
NH,2013,1447,1327272,10.90206077,0.4387,5.1,"$224,563",155.2,537.06,2.23737
NH,2014,1376,1334257,10.31285577,0.441,4.3,"$242,206",176.0,558.02,1.8963
NH,2015,1445,1337480,10.80389987,0.4347,3.4,"$238,737",165.2,578.07,1.47798
NH,2016,1366,1343694,10.16600506,0.4304,2.9,"$221,200",161.9,600.72,1.24816
NH,2017,1456,1350395,10.78203044,0.4386,2.7,"$234,330",160.9,634.09,1.18422
NH,2018,1450,1355064,10.7006016,0.453,2.5,"$244,771",168.8,672.74,1.1325
NH,2019,1396,1360783,10.25879953,0.4406,2.6,"$260,427",186.6,706.97,1.14556
NH,2020,1675,1366275,12.25961099,0.4344,6.7,"$273,237",163.1,742.65,2.91048
NJ,2009,13169,8755602,15.04065626,0.462,9.1,"$1,429,598",108.6,715.45,4.2042
NJ,2010,13737,8799451,15.6112012,0.464,9.5,"$1,476,851",107.5,688.18,4.408
NJ,2011,14137,8828552,16.01281841,0.4694,9.3,"$1,345,169",95.2,659.39,4.36542
NJ,2012,13025,8845671,14.72471676,0.4718,9.3,"$1,353,814",103.9,636.5,4.38774
NJ,2013,12002,8857821,13.54960774,0.48,8.2,"$1,383,126",115.2,638.92,3.936
NJ,2014,11671,8867277,13.16187596,0.4757,6.8,"$1,430,090",122.5,657.28,3.23476
NJ,2015,10098,8870312,11.38404151,0.4832,5.8,"$1,542,392",152.7,672.36,2.80256
NJ,2016,8895,8873584,10.02413455,0.4813,5.0,"$1,611,473",181.2,688.28,2.4065
NJ,2017,8536,8888147,9.603801557,0.4794,4.6,"$1,334,841",156.4,703.71,2.20524
NJ,2018,9398,8891730,10.56937176,0.4836,4.1,"$1,563,025",166.3,726.86,1.98276
NJ,2019,8862,8891258,9.96709352,0.4782,3.4,"$2,416,297",272.7,750.84,1.62588
NJ,2020,9662,8882371,10.87772623,0.4782,9.8,"$1,979,844",204.9,775.52,4.68636
NM,2009,3475,2036802,17.06105945,0.458,7.5,"$282,253",81.2,500.19,3.435
NM,2010,3475,2064614,16.83123334,0.464,8.1,"$306,161",88.1,479.26,3.7584
NM,2011,3601,2080707,17.30661741,0.4821,7.5,"$293,918",81.6,458.89,3.61575
NM,2012,3245,2087715,15.54330931,0.4713,7.1,"$297,005",91.5,446.11,3.34623
NM,2013,2819,2092833,13.46977996,0.4759,6.9,"$288,572",102.4,450.37,3.28371
NM,2014,2746,2090236,13.13727254,0.477,6.7,"$262,212",95.5,456.09,3.1959
NM,2015,2629,2090071,12.57852006,0.4795,6.5,"$319,639",121.6,463.7,3.11675
NM,2016,2263,2092555,10.81453056,0.4769,6.6,"$307,019",135.7,476.88,3.14754
NM,2017,2482,2092844,11.85946014,0.4776,5.9,"$291,191",117.3,492.51,2.81784
NM,2018,2551,2093754,12.18385732,0.4891,4.9,"$246,145",96.5,511.61,2.39659
NM,2019,3241,2099634,15.43602361,0.4768,5.0,"$254,419",78.5,536.17,2.384
NM,2020,3333,2106319,15.82381396,0.48,8.4,"$270,094",81.0,561.87,4.032
NV,2009,11089,2684665,41.30496729,0.433,11.3,"$237,672",21.4,451.7,4.8929
NV,2010,11205,2702483,41.46187044,0.448,13.5,"$286,339",25.6,387.63,6.048
NV,2011,9150,2713114,33.7250849,0.4526,13.0,"$303,062",33.1,341,5.8838
NV,2012,8497,2744670,30.95818441,0.4516,11.2,"$313,336",36.9,337.55,5.05792
NV,2013,7039,2776956,25.34789892,0.4543,9.6,"$320,814",45.6,388.31,4.36128
NV,2014,8582,2818935,30.44412163,0.4427,7.9,"$373,755",43.6,455.95,3.49733
NV,2015,8743,2868531,30.47901522,0.4548,6.8,"$422,880",48.4,500.38,3.09264
NV,2016,7398,2919555,25.33947811,0.4577,5.7,"$454,500",61.4,547.3,2.60889
NV,2017,7833,2972097,26.35512906,0.4606,5.1,"$521,850",66.6,598.98,2.34906
NV,2018,7544,3030725,24.89173383,0.469,4.6,"$592,039",78.5,676,2.1574
NV,2019,7169,3090771,23.19485979,0.471,3.9,"$632,566",88.2,719.69,1.8369
NV,2020,6900,3138259,21.98671302,0.45,12.8,"$670,959",97.2,743.9,5.76
NY,2009,61067,19307066,31.62935269,0.499,8.3,"$1,745,497",28.6,628.89,4.1417
NY,2010,65606,19399956,33.81760247,0.499,8.6,"$1,872,664",28.5,610.44,4.2914
NY,2011,63445,19499921,32.53602925,0.5033,8.3,"$1,767,824",27.9,596.37,4.17739
NY,2012,69566,19574362,35.53934478,0.5009,8.5,"$1,828,343",26.3,582.43,4.25765
NY,2013,77430,19626488,39.45178577,0.5098,7.7,"$1,836,457",23.7,586.89,3.92546
NY,2014,80590,19653431,41.00556285,0.5111,6.3,"$1,933,206",24.0,601.71,3.21993
NY,2015,88250,19657321,44.89421524,0.5138,5.3,"$2,290,755",26.0,618.73,2.72314
NY,2016,86352,19636391,43.97549427,0.5129,4.9,"$2,170,989",25.1,639.01,2.51321
NY,2017,89503,19593849,45.67913124,0.5157,4.7,"$2,090,831",23.4,669.42,2.42379
NY,2018,91897,19544098,47.0203332,0.513,4.1,"$2,089,173",22.7,705.7,2.1033
NY,2019,92091,19463131,47.31561433,0.5149,3.8,"$2,239,517",24.3,732.26,1.95662
NY,2020,91271,19336776,47.20073295,0.512,10.0,"$2,348,495",25.7,756.77,5.12
OH,2009,12700,11528896,11.01579891,0.447,10.3,"$2,803,416",220.7,350.31,4.6041
OH,2010,12569,11539449,10.89220118,0.452,10.3,"$2,657,198",211.4,338.35,4.6556
OH,2011,13030,11545735,11.28555263,0.4594,8.8,"$2,859,321",219.4,326,4.04272
OH,2012,13977,11550971,12.10028144,0.4615,7.4,"$2,398,281",171.6,320.7,3.4151
OH,2013,12325,11579692,10.6436337,0.4652,7.5,"$2,367,016",192.0,321.58,3.489
OH,2014,11823,11606573,10.18646934,0.4637,5.8,"$2,635,729",222.9,332.3,2.68946
OH,2015,11182,11622315,9.621146906,0.4637,4.9,"$1,681,795",150.4,343.73,2.27213
OH,2016,10404,11640060,8.938098257,0.468,5.0,"$1,732,587",166.5,357.11,2.34
OH,2017,10095,11665706,8.653569703,0.4642,5.0,"$1,863,355",184.6,374.69,2.321
OH,2018,10249,11680892,8.774158686,0.4667,4.6,"$1,852,935",180.8,396.11,2.14682
OH,2019,10345,11696507,8.844520847,0.4651,4.2,"$1,986,326",192.0,414.93,1.95342
OH,2020,10655,11693217,9.1121203,0.4641,8.1,"$2,279,828",214.0,432.56,3.75921
OK,2009,4838,3717572,13.01387034,0.459,6.4,"$445,566",92.1,358.98,2.9376
OK,2010,5229,3760014,13.90686311,0.454,6.8,"$483,533",92.5,356.74,3.0872
OK,2011,4625,3788824,12.20695393,0.4613,5.9,"$484,578",104.8,351.07,2.72167
OK,2012,5032,3819320,13.17512018,0.4643,5.2,"$478,576",95.1,354.3,2.41436
OK,2013,4408,3853891,11.43779105,0.4619,5.3,"$503,528",114.2,360.19,2.44807
OK,2014,4191,3879187,10.80381018,0.466,4.5,"$513,796",122.6,371.64,2.097
OK,2015,3777,3910518,9.658566972,0.4702,4.4,"$547,686",145.0,384.74,2.06888
OK,2016,4107,3928143,10.45532202,0.4645,4.8,"$618,390",150.6,394,2.2296
OK,2017,4199,3933602,10.67469459,0.4658,4.2,"$638,701",152.1,407.32,1.95636
OK,2018,3871,3943488,9.816183034,0.4687,3.4,"$641,455",165.7,419.43,1.59358
OK,2019,3944,3960676,9.957896076,0.4739,3.1,"$651,064",165.1,434.82,1.46909
OK,2020,3932,3980783,9.877453757,0.4652,6.1,"$709,177",180.4,451.24,2.83772
OR,2009,17309,3808600,45.44714593,0.447,11.3,"$513,014",29.6,672.34,5.0511
OR,2010,19492,3837614,50.79197647,0.449,10.6,"$632,443",32.4,618.04,4.7594
OR,2011,17254,3872672,44.55321804,0.4586,9.5,"$584,549",33.9,575.99,4.3567
OR,2012,15828,3900102,40.58355397,0.4565,8.8,"$543,074",34.3,567.56,4.0172
OR,2013,13822,3924110,35.22327356,0.46,7.9,"$568,319",41.1,602.44,3.634
OR,2014,12164,3965447,30.67497813,0.4624,6.8,"$540,390",44.4,659.97,3.14432
OR,2015,13226,4018542,32.91243441,0.4622,5.6,"$544,447",41.2,711.57,2.58832
OR,2016,13238,4093271,32.34088337,0.4583,4.8,"$540,999",40.9,789.12,2.19984
OR,2017,13953,4147294,33.64362401,0.4593,4.1,"$520,363",37.3,852.18,1.88313
OR,2018,14476,4183538,34.60229117,0.4582,4.2,"$540,942",37.4,905.68,1.92444
OR,2019,15876,4216116,37.65551043,0.45,3.7,"$550,860",34.7,945.06,1.665
OR,2020,14655,4241507,34.55139883,0.46,7.6,"$620,052",42.3,977.51,3.496
PA,2009,15096,12666858,11.91771472,0.457,8.0,"$2,431,317",161.1,479.71,3.656
PA,2010,14516,12711406,11.41966514,0.461,8.5,"$2,194,702",151.2,467.76,3.9185
PA,2011,15096,12747052,11.84273823,0.4611,7.9,"$2,470,152",163.6,456.61,3.64269
PA,2012,14736,12769123,11.54033836,0.4642,7.8,"$2,529,272",171.6,448.88,3.62076
PA,2013,15086,12779538,11.80480859,0.4696,7.4,"$2,414,521",160.1,452.34,3.47504
PA,2014,15333,12792392,11.98603045,0.4686,5.9,"$2,360,435",153.9,461.2,2.76474
PA,2015,15421,12789838,12.05722856,0.4685,5.3,"$2,533,132",164.3,471.52,2.48305
PA,2016,15339,12788468,11.99439995,0.4689,5.4,"$2,749,905",179.3,483.15,2.53206
PA,2017,14138,12794679,11.04990598,0.4777,4.9,"$3,139,753",222.1,500.28,2.34073
PA,2018,13512,12809107,10.54874473,0.4747,4.3,"$3,161,143",234.0,522.05,2.04121
PA,2019,13199,12798883,10.31261869,0.4745,4.5,"$2,841,423",215.3,542.38,2.13525
PA,2020,13375,12783254,10.46290718,0.468,9.1,"$2,003,136",149.8,561.28,4.2588
RI,2009,1607,1053646,15.25180184,0.452,11.0,"$152,960",95.2,679.43,4.972
RI,2010,1282,1053994,12.1632571,0.467,11.2,"$150,289",117.2,649.34,5.2304
RI,2011,1070,1053829,10.15344994,0.4674,11.0,"$156,130",145.9,619.3,5.1414
RI,2012,1277,1054893,12.10549316,0.4647,10.4,"$165,562",129.6,596.39,4.83288
RI,2013,1384,1055560,13.11152374,0.4769,9.3,"$167,946",121.3,595.43,4.43517
RI,2014,1190,1056511,11.26348897,0.4827,7.7,"$176,998",148.7,613.83,3.71679
RI,2015,1111,1056886,10.51201359,0.4732,6.0,"$173,838",156.5,641.17,2.8392
RI,2016,1160,1057816,10.9659903,0.4781,5.2,"$177,358",152.9,671.69,2.48612
RI,2017,1180,1056554,11.16838325,0.4722,4.4,"$178,281",151.1,711.38,2.07768
RI,2018,1101,1059338,10.39328335,0.47,4.1,"$180,768",164.2,756.09,1.927
RI,2019,1055,1058158,9.970155686,0.4628,3.6,"$178,208",168.9,789.58,1.66608
RI,2020,1104,1057125,10.44341965,0.4738,9.4,"$185,346",167.9,824.74,4.45372
SC,2009,4473,4589872,9.745369806,0.46,11.2,"$1,296,074",289.8,413.39,5.152
SC,2010,4473,4635846,9.648724311,0.461,11.2,"$1,245,577",278.5,391.1,5.1632
SC,2011,5093,4672655,10.89958493,0.4648,10.6,"$1,145,676",225.0,375.59,4.92688
SC,2012,4915,4719027,10.41528264,0.4684,9.2,"$1,072,567",218.2,368.28,4.30928
SC,2013,6544,4766469,13.72924066,0.4665,7.6,"$1,253,222",191.5,370.38,3.5454
SC,2014,5057,4826858,10.47679464,0.4687,6.5,"$1,288,488",254.8,381.29,3.04655
SC,2015,5354,4896006,10.93544412,0.4698,6.0,"$1,406,809",262.8,398.14,2.8188
SC,2016,5051,4963031,10.17724854,0.4735,5.0,"$1,298,436",257.1,416.9,2.3675
SC,2017,3916,5027102,7.789776297,0.4795,4.3,"$1,274,872",325.6,439.62,2.06185
SC,2018,3933,5091702,7.724332649,0.4762,3.4,"$1,282,412",326.1,465.77,1.61908
SC,2019,4172,5157702,8.088873688,0.4747,2.8,"$1,343,689",322.1,488.89,1.32916
SC,2020,4287,5218040,8.215728511,0.469,6.2,"$1,438,575",335.6,505.98,2.9078
SD,2009,731,807067,9.057488412,0.439,4.9,"$84,868",116.1,411.05,2.1511
SD,2010,731,816193,8.956215013,0.442,5.0,"$97,587",133.5,406.07,2.21
SD,2011,826,823740,10.02743584,0.4324,4.7,"$98,257",119.0,405.57,2.03228
SD,2012,859,833859,10.30150181,0.4335,4.3,"$127,381",148.3,410.21,1.86405
SD,2013,1094,842751,12.98129578,0.4427,3.8,"$130,739",119.5,422.75,1.68226
SD,2014,885,849670,10.41580849,0.4468,3.4,"$129,291",146.1,436.97,1.51912
SD,2015,1036,854663,12.12173687,0.4436,3.1,"$133,511",128.9,452.36,1.37516
SD,2016,1072,863693,12.41181763,0.4495,3.0,"$129,954",121.2,472.55,1.3485
SD,2017,943,873732,10.79278314,0.4488,3.2,"$142,236",150.8,496.1,1.43616
SD,2018,1159,879386,13.17965035,0.4445,3.0,"$142,559",123.0,518.91,1.3335
SD,2019,995,887127,11.21598148,0.436,3.0,"$140,349",141.1,541.31,1.308
SD,2020,1058,892717,11.85146021,0.44,4.6,"$144,806",136.9,557.74,2.024
TN,2009,10532,6306019,16.70150375,0.468,10.5,"$1,557,010",147.8,392.86,4.914
TN,2010,10276,6355518,16.16862701,0.468,9.7,"$1,078,212",104.9,379.26,4.5396
TN,2011,9113,6400298,14.23839952,0.4756,9.0,"$1,280,579",140.5,369.28,4.2804
TN,2012,9426,6455752,14.60093263,0.4732,7.8,"$1,367,727",145.1,365.69,3.69096
TN,2013,9528,6496943,14.66535877,0.4783,7.8,"$1,340,344",140.7,371.33,3.73074
TN,2014,9415,6544617,14.38586857,0.4811,6.6,"$1,313,661",139.5,386.76,3.17526
TN,2015,9123,6595354,13.83246449,0.4789,5.6,"$1,336,822",146.5,403.51,2.68184
TN,2016,8779,6651277,13.19896916,0.479,4.7,"$1,309,287",149.1,426.14,2.2513
TN,2017,8309,6714748,12.3742544,0.4822,3.8,"$1,377,326",165.8,456.01,1.83236
TN,2018,7883,6778180,11.62996557,0.4778,3.5,"$1,459,257",185.1,487.88,1.6723
TN,2019,7467,6830325,10.93212988,0.4749,3.4,"$1,487,287",199.2,514.87,1.61466
TN,2020,7256,6886834,10.53604603,0.4786,7.5,"$1,750,677",241.3,537.08,3.5895
TX,2009,36761,24801761,14.82193139,0.474,7.6,"$2,450,800",66.7,359.49,3.6024
TX,2010,35121,25241897,13.91377201,0.469,8.1,"$2,608,017",74.3,354.5,3.7989
TX,2011,36911,25645504,14.39277622,0.4771,7.8,"$2,605,119",70.6,349.74,3.72138
TX,2012,34052,26084120,13.05468615,0.4767,6.7,"$2,850,749",83.7,352.98,3.19389
TX,2013,29615,26479646,11.1840619,0.4807,6.3,"$2,981,890",100.7,367.49,3.02841
TX,2014,28495,26963092,10.56814997,0.4827,5.1,"$3,472,018",121.8,395.28,2.46177
TX,2015,23678,27468531,8.620045972,0.4823,4.4,"$3,564,009",150.5,421.61,2.12212
TX,2016,23122,27914064,8.283279712,0.48,4.6,"$3,845,137",166.3,450.76,2.208
TX,2017,23548,28291024,8.323488043,0.4781,4.3,"$3,654,775",155.2,482.32,2.05583
TX,2018,25310,28624564,8.842056075,0.4822,3.9,"$3,698,294",146.1,511.3,1.88058
TX,2019,25848,28986794,8.91716414,0.4753,3.5,"$3,829,914",148.2,534.42,1.66355
TX,2020,27229,29360759,9.273942816,0.4803,7.6,"$4,258,942",156.4,551.36,3.65028
UT,2009,3795,2723421,13.93467995,0.411,7.3,"$587,398",154.8,561.08,3.0003
UT,2010,3284,2775413,11.83247322,0.419,7.8,"$759,752",231.3,519.36,3.2682
UT,2011,3130,2814797,11.11980722,0.4249,6.7,"$869,821",277.9,491.38,2.84683
UT,2012,3527,2854146,12.35746174,0.4244,5.4,"$966,809",274.1,496.06,2.29176
UT,2013,3277,2898773,11.30478309,0.4259,4.6,"$936,418",285.8,528.14,1.95914
UT,2014,3081,2938327,10.48555862,0.4283,3.8,"$882,336",286.4,564.18,1.62754
UT,2015,3025,2983626,10.1386702,0.4252,3.6,"$891,474",294.7,590.98,1.53072
UT,2016,2807,3044241,9.220689164,0.4263,3.4,"$913,411",325.4,635.32,1.44942
UT,2017,2852,3103540,9.189506177,0.4225,3.3,"$875,280",306.9,691.29,1.39425
UT,2018,2876,3155153,9.115247343,0.4269,3.1,"$836,006",290.7,753.29,1.32339
UT,2019,2798,3203383,8.734515979,0.4268,2.5,"$819,314",292.8,809.61,1.067
UT,2020,3131,3249879,9.634204843,0.43,4.7,"$846,642",270.4,853.98,2.021
VA,2009,8852,7925937,11.16839561,0.455,6.7,"$1,647,502",186.1,563.87,3.0485
VA,2010,9080,8024004,11.3160462,0.459,7.1,"$1,690,494",186.2,539.89,3.2589
VA,2011,8816,8102437,10.88067701,0.4632,6.6,"$1,680,100",190.6,524.46,3.05712
VA,2012,8424,8187456,10.28891025,0.4661,6.1,"$1,736,824",206.2,518.55,2.84321
VA,2013,7625,8255861,9.235862862,0.4672,5.7,"$1,794,856",235.4,525.28,2.66304
VA,2014,7020,8315430,8.442137087,0.4658,5.2,"$1,819,560",259.2,541.35,2.42216
VA,2015,7001,8367303,8.367092718,0.4681,4.5,"$1,276,223",182.3,554.54,2.10645
VA,2016,6268,8417651,7.446257869,0.4705,4.1,"$1,382,731",220.6,567.37,1.92905
VA,2017,6067,8471011,7.162073098,0.4674,3.7,"$1,233,884",203.4,585.45,1.72938
VA,2018,5975,8510920,7.020392625,0.4754,3.0,"$1,264,020",211.6,606.88,1.4262
VA,2019,5783,8556642,6.758492409,0.469,2.7,"$1,340,924",231.9,630.4,1.2663
VA,2020,5957,8590563,6.934353429,0.4673,6.2,"$1,518,015",254.8,651.48,2.89726
VT,2009,1214,624817,19.42968901,0.43,6.6,"$192,457",158.5,557.03,2.838
VT,2010,1220,625886,19.49236762,0.444,6.1,"$200,591",164.4,547.02,2.7084
VT,2011,1144,627197,18.23988316,0.4308,5.5,"$165,777",144.9,541.28,2.3694
VT,2012,1160,626361,18.51967156,0.4392,5.0,"$150,624",129.8,537.9,2.196
VT,2013,1454,626603,23.20448514,0.4537,4.4,"$154,914",106.5,536.42,1.99628
VT,2014,1559,625693,24.91637273,0.4406,3.9,"$159,061",102.0,537.92,1.71834
VT,2015,1523,625810,24.33645995,0.4452,3.6,"$183,976",120.8,546.26,1.60272
VT,2016,1117,624366,17.89014777,0.4539,3.2,"$193,197",173.0,552.5,1.45248
VT,2017,1225,625132,19.59586135,0.4525,3.0,"$170,111",138.9,566.59,1.3575
VT,2018,1291,624802,20.66254589,0.4473,2.7,"$184,784",143.1,585.7,1.20771
VT,2019,1089,624046,17.45063665,0.4471,2.3,"$186,630",171.4,606.73,1.02833
VT,2020,1110,623347,17.80709621,0.44,5.6,"$195,720",176.3,628.58,2.464
WA,2009,22782,6667426,34.16910814,0.442,9.2,"$1,761,259",77.3,785.3,4.0664
WA,2010,22878,6743009,33.92847318,0.441,10.0,"$1,856,878",81.2,724.71,4.41
WA,2011,20439,6827479,29.93637915,0.4449,9.3,"$1,764,375",86.3,677.84,4.13757
WA,2012,20504,6898599,29.72197688,0.4498,8.1,"$1,634,471",79.7,661.43,3.64338
WA,2013,17760,6966252,25.49434043,0.4572,7.0,"$1,706,359",96.1,693.22,3.2004
WA,2014,18442,7057531,26.13095146,0.4542,6.1,"$1,709,125",92.7,749.05,2.77062
WA,2015,19419,7167287,27.09393387,0.4561,5.6,"$1,723,046",88.7,802.88,2.55416
WA,2016,20827,7299961,28.53028941,0.4591,5.3,"$1,730,591",83.1,888.46,2.43323
WA,2017,21112,7427951,28.42237381,0.4561,4.7,"$1,294,258",61.3,977.91,2.14367
WA,2018,22304,7526793,29.63280643,0.4574,4.5,"$1,291,410",57.9,1066.84,2.0583
WA,2019,21577,7614024,28.33849749,0.4577,4.1,"$1,328,594",61.6,1127.86,1.87657
WA,2020,22923,7693612,29.79484799,0.456,8.4,"$1,455,087",63.5,1185.11,3.8304
WI,2009,6525,5669264,11.5094305,0.426,8.6,"$723,880",110.9,446.74,3.6636
WI,2010,6333,5690538,11.12900046,0.43,8.7,"$774,151",122.2,428.24,3.741
WI,2011,5785,5705840,10.13873505,0.437,7.8,"$819,877",141.7,414.43,3.4086
WI,2012,6027,5720825,10.53519379,0.4401,7.0,"$800,973",132.9,407.36,3.0807
WI,2013,6104,5738012,10.63783066,0.4446,6.7,"$722,486",118.4,406.59,2.97882
WI,2014,6055,5753199,10.52457946,0.4397,5.4,"$805,130",133.0,413.48,2.37438
WI,2015,6057,5762927,10.5102841,0.441,4.6,"$731,445",120.8,425.05,2.0286
WI,2016,5685,5775170,9.843866068,0.4498,4.0,"$768,293",135.1,442.14,1.7992
WI,2017,5027,5793147,8.677494288,0.4467,3.3,"$1,021,845",203.3,464.61,1.47411
WI,2018,4907,5809319,8.446773193,0.4483,3.0,"$1,034,576",210.8,490.21,1.3449
WI,2019,4538,5824581,7.791118365,0.4391,3.3,"$1,117,925",246.3,513.52,1.44903
WI,2020,4515,5832655,7.740900156,0.44,6.3,"$1,177,053",260.7,526.75,2.772
WV,2009,1667,1847775,9.021661187,0.453,7.7,"$221,865",133.1,296.25,3.4881
WV,2010,2264,1854265,12.20968955,0.451,8.7,"$235,579",104.1,290.88,3.9237
WV,2011,2211,1856606,11.90882718,0.4721,8.1,"$310,313",140.3,286.38,3.82401
WV,2012,2410,1857446,12.97480519,0.4638,7.5,"$255,784",106.1,284.45,3.4785
WV,2013,2240,1854768,12.07698213,0.4647,6.8,"$260,641",116.4,288.36,3.15996
WV,2014,2013,1850569,10.87773544,0.4546,6.6,"$267,295",132.8,295.9,3.00036
WV,2015,1835,1843332,9.954799244,0.4581,6.7,"$623,831",340.0,300.97,3.06927
WV,2016,1387,1832435,7.569163436,0.4711,6.1,"$663,852",478.6,306.95,2.87371
WV,2017,1309,1818683,7.197516005,0.4686,5.2,"$336,264",256.9,310.13,2.43672
WV,2018,1243,1805953,6.882792631,0.4742,5.3,"$328,466",264.3,317.71,2.51326
WV,2019,1397,1795263,7.781589661,0.4644,4.9,"$342,655",245.3,324.63,2.27556
WV,2020,1341,1784787,7.513501611,0.4621,8.3,"$354,551",264.4,332.28,3.83543
WY,2009,515,559851,9.19887613,0.424,6.3,"$79,883",155.1,521.53,2.6712
WY,2010,579,564531,10.25630125,0.423,6.4,"$87,337",150.8,503.25,2.7072
WY,2011,1038,567491,18.29103898,0.4081,5.8,"$86,604",83.4,495.25,2.36698
WY,2012,1813,576656,31.43988791,0.4166,5.3,"$51,065",28.2,500.6,2.20798
WY,2013,953,582620,16.35714531,0.4183,4.7,"$48,905",51.3,511.76,1.96601
WY,2014,757,583159,12.98102233,0.427,4.1,"$48,475",64.0,529.38,1.7507
WY,2015,798,586389,13.60871367,0.4374,4.3,"$54,663",68.5,545.6,1.88082
WY,2016,857,585243,14.64348997,0.436,5.3,"$55,221",64.4,555.84,2.3108
WY,2017,873,579994,15.05187985,0.4326,4.2,"$53,068",60.8,564.91,1.81692
WY,2018,639,579054,11.03524024,0.4555,4.1,"$41,176",64.4,584.47,1.86755
WY,2019,548,580116,9.446386585,0.4345,3.7,"$44,661",81.5,610.15,1.60765
WY,"2,020",612,582328,10.50954101,0.43,5.8,"$44,969",73.5,634,2.494
